BACKFILL|cmu1exu0z0001f622xxghisl5|4800000|3:KHONG_DOC_DUOC||cmu1extzi0000f622h9wj7ikq|KHAC(parser bỏ sót)
BACKFILL|cmu1exu1i0004f622g2gq4mp2|1440000|3:KHONG_DOC_DUOC||cmu1exu1f0003f622e1w6f2dt|KHAC(parser bỏ sót)
BACKFILL|cmu1exu1p0007f622y6fpsho3|4800000|3:KHONG_DOC_DUOC||cmu1exu1l0006f62239yn8qar|KHAC(parser bỏ sót)
BACKFILL|cmu1exu1u000af622ashbzz3n|2880000|3:KHONG_DOC_DUOC||cmu1exu1r0009f622fjmns2ay|KHAC(parser bỏ sót)
BACKFILL|cmu1exu26000df6221hnv951q|4400000|3:KHONG_DOC_DUOC||cmu1exu1z000cf622h61yclzq|KHAC(parser bỏ sót)
BACKFILL|cmu1exu2d000hf622m1ywt7h0|4320000|3:KHONG_DOC_DUOC||cmu1exu2a000gf622xit6bycn|KHAC(parser bỏ sót)
BACKFILL|cmu1exu2j000kf622pqzekp1k|4400000|3:KHONG_DOC_DUOC||cmu1exu2g000jf622ynnxmkbq|KHAC(parser bỏ sót)
BACKFILL|cmu1exu2x000rf622sswh94ij|4400000|3:KHONG_DOC_DUOC||cmu1exu2u000qf6227cc3rvyi|KHAC(parser bỏ sót)
BACKFILL|cmu1exu2q000nf6225ozvfu1b|2400000|3:KHONG_DOC_DUOC||cmu1exu2n000mf622mpc1y957|KHAC(parser bỏ sót)
BACKFILL|cmu1exu3d000yf622tyebl73b|4680000|3:KHONG_DOC_DUOC||cmu1exu38000xf622lyrvj4u8|KHAC(parser bỏ sót)
BACKFILL|cmu1exu3i0011f622ragmx9af|4420000|3:KHONG_DOC_DUOC||cmu1exu3g0010f622jg531tar|KHAC(parser bỏ sót)
BACKFILL|cmu1exu33000uf622jlex0zr3|5200000|3:KHONG_DOC_DUOC||cmu1exu2z000tf622r0yzvf8w|KHAC(parser bỏ sót)
BACKFILL|cmu1exu3o0014f622poe7boqm|4560000|3:KHONG_DOC_DUOC||cmu1exu3l0013f622a03ts45b|KHAC(parser bỏ sót)
BACKFILL|cmu1exu3t0017f6225pmi3mso|5200000|3:KHONG_DOC_DUOC||cmu1exu3q0016f622ig5sow38|KHAC(parser bỏ sót)
BACKFILL|cmu1exu40001af622eudwgzs1|4400000|3:KHONG_DOC_DUOC||cmu1exu3x0019f622aguhgcqc|KHAC(parser bỏ sót)
BACKFILL|cmu1exu45001df622srsqe78e|4400000|3:KHONG_DOC_DUOC||cmu1exu43001cf62261fskp7p|KHAC(parser bỏ sót)
BACKFILL|cmu1exu4a001gf6224w0zwzdk|5200000|3:KHONG_DOC_DUOC||cmu1exu47001ff622n9nty83q|KHAC(parser bỏ sót)
BACKFILL|cmu1exu4h001kf62271mk8hw8|4400000|3:KHONG_DOC_DUOC||cmu1exu4d001jf622gspnfzf9|KHAC(parser bỏ sót)
SEPAY|uat-gdnh-53|4800000|3:KHONG_DOC_DUOC|||CUNG(cùng không gắn)
BACKFILL|cmu1exu4n001nf6223jumhql2|4080000|3:KHONG_DOC_DUOC||cmu1exu4j001mf62270p6st0u|KHAC(parser bỏ sót)
BACKFILL|cmu1exu4s001qf622c4oxyqbs|4800000|3:KHONG_DOC_DUOC||cmu1exu4p001pf622za840uod|KHAC(parser bỏ sót)
BACKFILL|cmu1exu4z001tf622jytj0sj7|4080000|3:KHONG_DOC_DUOC||cmu1exu4v001sf622dgd9qwl0|KHAC(parser bỏ sót)
BACKFILL|cmu1exu55001wf6223ntb5xeb|4420000|3:KHONG_DOC_DUOC||cmu1exu52001vf622l4r9ihq0|KHAC(parser bỏ sót)
SEPAY|uat-gdnh-8|4080000|3:KHONG_DOC_DUOC|||CUNG(cùng không gắn)
BACKFILL|cmu1exu5c0020f622ddjjocx6|4320000|3:KHONG_DOC_DUOC||cmu1exu59001zf622duhdfdwf|KHAC(parser bỏ sót)
BACKFILL|cmu1exu5h0023f622yv060img|4400000|3:KHONG_DOC_DUOC||cmu1exu5f0022f622p41vglyn|KHAC(parser bỏ sót)
BACKFILL|cmu1exu5p0026f622w3pxcj1p|5200000|3:KHONG_DOC_DUOC||cmu1exu5l0025f62237ttblca|KHAC(parser bỏ sót)
BACKFILL|cmu1exu5v002af622asei8aql|4180000|3:KHONG_DOC_DUOC||cmu1exu5t0029f6226ll2apfc|KHAC(parser bỏ sót)
BACKFILL|cmu1exu60002df622lrbjsj0b|5200000|3:KHONG_DOC_DUOC||cmu1exu5x002cf622bk3wk3p7|KHAC(parser bỏ sót)
BACKFILL|cmu1exu64002gf6223wyj7suo|5200000|3:KHONG_DOC_DUOC||cmu1exu62002ff6221cebkaoj|KHAC(parser bỏ sót)
BACKFILL|cmu1exu6c002kf622xlas5k6o|2600000|3:KHONG_DOC_DUOC||cmu1exu68002jf622c4pzp045|KHAC(parser bỏ sót)
BACKFILL|cmu1exu6p002qf622chs3mqgq|1440000|3:KHONG_DOC_DUOC||cmu1exu6k002pf62239yx2gvk|KHAC(parser bỏ sót)
SEPAY|uat-gdnh-6|4400000|3:KHONG_DOC_DUOC|||CUNG(cùng không gắn)
BACKFILL|cmu1exu6i002nf622ofa5r2u4|4400000|3:KHONG_DOC_DUOC||cmu1exu6g002mf622zrckyd05|KHAC(parser bỏ sót)
BACKFILL|cmu1exu6w002tf6229th5emct|4400000|3:KHONG_DOC_DUOC||cmu1exu6s002sf6228uvxqkl5|KHAC(parser bỏ sót)
BACKFILL|cmu1exu71002wf6222bhtbd42|2600000|3:KHONG_DOC_DUOC||cmu1exu6z002vf622b9rsxwe2|KHAC(parser bỏ sót)
SEPAY|uat-gdnh-44|4400000|3:KHONG_DOC_DUOC|||CUNG(cùng không gắn)
BACKFILL|cmu1exu7d0032f622wgloq09d|5200000|3:KHONG_DOC_DUOC||cmu1exu7a0031f622fpl9hbrc|KHAC(parser bỏ sót)
BACKFILL|cmu1exu76002zf6229846ea5t|3960000|3:KHONG_DOC_DUOC||cmu1exu73002yf622k82xhncd|KHAC(parser bỏ sót)
BACKFILL|cmu1exu7i0035f622z1japojb|4400000|3:KHONG_DOC_DUOC||cmu1exu7f0034f6228kiyftcv|KHAC(parser bỏ sót)
SEPAY|uat-gdnh-19|4400000|3:KHONG_DOC_DUOC|||CUNG(cùng không gắn)
BACKFILL|cmu1exu7r003bf6221rnvo6qs|5600000|3:KHONG_DOC_DUOC||cmu1exu7p003af6220crqrm0l|KHAC(parser bỏ sót)
BACKFILL|cmu1exu7x003ef622w2go2xdz|4400000|3:KHONG_DOC_DUOC||cmu1exu7u003df622etq5f9w0|KHAC(parser bỏ sót)
BACKFILL|cmu1exu82003hf622kj73omey|1440000|3:KHONG_DOC_DUOC||cmu1exu7z003gf622blgxgpd7|KHAC(parser bỏ sót)
BACKFILL|cmu1exu7m0038f622vrr4e3he|2200000|3:KHONG_DOC_DUOC||cmu1exu7k0037f622oaviz0wp|KHAC(parser bỏ sót)
SEPAY|uat-gdnh-46|2200000|3:KHONG_DOC_DUOC|||CUNG(cùng không gắn)
BACKFILL|cmu1exu8d003nf622kck73wuw|1320000|3:KHONG_DOC_DUOC||cmu1exu89003mf6228521e3ey|KHAC(parser bỏ sót)
SEPAY|uat-gdnh-32|2200000|3:KHONG_DOC_DUOC|||CUNG(cùng không gắn)
BACKFILL|cmu1exu87003kf62201rrtpvv|2200000|3:KHONG_DOC_DUOC||cmu1exu84003jf622zb59r645|KHAC(parser bỏ sót)
BACKFILL|cmu1exu8h003qf62254tkopvv|5200000|3:KHONG_DOC_DUOC||cmu1exu8f003pf622bp8eff3n|KHAC(parser bỏ sót)
BACKFILL|cmu1exu8q003uf622bkdnyk03|2400000|3:KHONG_DOC_DUOC||cmu1exu8n003tf62242zftw6j|KHAC(parser bỏ sót)
BACKFILL|cmu1exu940044f622tdtfzp2a|4400000|3:KHONG_DOC_DUOC||cmu1exu920043f622ccqco33d|KHAC(parser bỏ sót)
BACKFILL|cmu1exu8u003xf622nlb5ciwe|5320000|3:KHONG_DOC_DUOC||cmu1exu8s003wf6226avm9f62|KHAC(parser bỏ sót)
BACKFILL|cmu1exu8z0041f6227ocianq1|4400000|3:KHONG_DOC_DUOC||cmu1exu8x0040f62220izni7u|KHAC(parser bỏ sót)
BACKFILL|cmu1exu9h004df622bvauiuhp|4180000|3:KHONG_DOC_DUOC||cmu1exu9f004cf622vtewnwnb|KHAC(parser bỏ sót)
BACKFILL|cmu1exu9m004gf622mxpqe7pu|4400000|3:KHONG_DOC_DUOC||cmu1exu9j004ff622kwwvtu73|KHAC(parser bỏ sót)
BACKFILL|cmu1exu9s004jf622j9pzd6zi|4800000|3:KHONG_DOC_DUOC||cmu1exu9p004if622lmdix0xp|KHAC(parser bỏ sót)
SEPAY|uat-gdnh-15|4420000|3:KHONG_DOC_DUOC|||CUNG(cùng không gắn)
BACKFILL|cmu1exu980047f622zx3803xi|3360000|3:KHONG_DOC_DUOC||cmu1exu960046f6220s7z951m|KHAC(parser bỏ sót)
BACKFILL|cmu1exu9d004af622oyjckjzt|4420000|3:KHONG_DOC_DUOC||cmu1exu9b0049f622xzp96o9x|KHAC(parser bỏ sót)
BACKFILL|cmu1exu9y004nf622drszzmap|1320000|3:KHONG_DOC_DUOC||cmu1exu9w004mf62272u0jt5g|KHAC(parser bỏ sót)
BACKFILL|cmu1exua5004qf622goekis5o|2244000|3:KHONG_DOC_DUOC||cmu1exua1004pf622g60cbh5s|KHAC(parser bỏ sót)
BACKFILL|cmu1exuai004wf622ros18rwe|4400000|3:KHONG_DOC_DUOC||cmu1exuac004vf622b8x9832c|KHAC(parser bỏ sót)
BACKFILL|cmu1exuaa004tf6227lu9bseo|4420000|3:KHONG_DOC_DUOC||cmu1exua8004sf622gjsbt7be|KHAC(parser bỏ sót)
BACKFILL|cmu1exuaq004zf6222vm1mzhy|5200000|3:KHONG_DOC_DUOC||cmu1exual004yf622mjoeegoe|KHAC(parser bỏ sót)
BACKFILL|cmu1exuaz0053f6221nqbmr1c|5200000|3:KHONG_DOC_DUOC||cmu1exuaw0052f622euspcwvn|KHAC(parser bỏ sót)
BACKFILL|cmu1exubi005df6227pepmjyt|4800000|3:KHONG_DOC_DUOC||cmu1exubf005cf622ax9ti1a5|KHAC(parser bỏ sót)
BACKFILL|cmu1exub60057f622nb70xldq|2200000|3:KHONG_DOC_DUOC||cmu1exub40056f6223zhzrst1|KHAC(parser bỏ sót)
BACKFILL|cmu1exubb005af62269jn62fq|4400000|3:KHONG_DOC_DUOC||cmu1exub90059f62222md9ljs|KHAC(parser bỏ sót)
BACKFILL|cmu1exubv005kf622pyjoggpi|4800000|3:KHONG_DOC_DUOC||cmu1exubr005jf6224kg9htra|KHAC(parser bỏ sót)
BACKFILL|cmu1exubp005hf622xa452ugp|2640000|3:KHONG_DOC_DUOC||cmu1exubm005gf622u9f6xkz2|KHAC(parser bỏ sót)
BACKFILL|cmu1exuc2005nf622owpl01lp|5200000|3:KHONG_DOC_DUOC||cmu1exubz005mf622rc2kvalp|KHAC(parser bỏ sót)
BACKFILL|cmu1exuc8005qf6220zs1grm5|4940000|3:KHONG_DOC_DUOC||cmu1exuc5005pf622noapt5l4|KHAC(parser bỏ sót)
SEPAY|uat-gdnh-10|4940000|3:KHONG_DOC_DUOC|||CUNG(cùng không gắn)
BACKFILL|cmu1exucg005uf6220e8612gf|5200000|3:KHONG_DOC_DUOC||cmu1exucd005tf622wlu9qi4w|KHAC(parser bỏ sót)
BACKFILL|cmu1exucl005xf622owin4wm9|4180000|3:KHONG_DOC_DUOC||cmu1exuci005wf622grmgzf0j|KHAC(parser bỏ sót)
BACKFILL|cmu1exucz0064f622ngd8fvjq|4400000|3:KHONG_DOC_DUOC||cmu1exucw0063f622jmligk33|KHAC(parser bỏ sót)
BACKFILL|cmu1exud40067f622tvt046jb|4180000|3:KHONG_DOC_DUOC||cmu1exud10066f6220tz9fcov|KHAC(parser bỏ sót)
BACKFILL|cmu1exudc006af6228259uxqf|4320000|3:KHONG_DOC_DUOC||cmu1exud90069f622jdacqjn7|KHAC(parser bỏ sót)
BACKFILL|cmu1exuct0061f622wp0x278b|4680000|3:KHONG_DOC_DUOC||cmu1exucp0060f622femj3drs|KHAC(parser bỏ sót)
BACKFILL|cmu1exudp006hf622b2jeeaw1|5200000|3:KHONG_DOC_DUOC||cmu1exudl006gf622is0i80pf|KHAC(parser bỏ sót)
BACKFILL|cmu1exudi006ef62247azw9nf|4400000|3:KHONG_DOC_DUOC||cmu1exudg006df622uhh2vge6|KHAC(parser bỏ sót)
BACKFILL|cmu1exueg006vf622anj6bmj9|4400000|3:KHONG_DOC_DUOC||cmu1exued006uf622g1koqk3d|KHAC(parser bỏ sót)
BACKFILL|cmu1exueb006sf622vrqo7o0s|4400000|3:KHONG_DOC_DUOC||cmu1exue8006rf622h0sd8eg1|KHAC(parser bỏ sót)
BACKFILL|cmu1exue5006pf622d6bi0nj9|5600000|3:KHONG_DOC_DUOC||cmu1exue2006of6227gwjsglw|KHAC(parser bỏ sót)
BACKFILL|cmu1exudx006lf6229kqi0n8r|4400000|3:KHONG_DOC_DUOC||cmu1exudu006kf622nixrwfp5|KHAC(parser bỏ sót)
BACKFILL|cmu1exuev0073f6225yl6m0k5|2600000|3:KHONG_DOC_DUOC||cmu1exuer0072f6220ajio0pp|KHAC(parser bỏ sót)
BACKFILL|cmu1exueo0070f622rfq5f9ce|1320000|3:KHONG_DOC_DUOC||cmu1exuel006zf6226ihmcorn|KHAC(parser bỏ sót)
BACKFILL|cmu1exuf60079f622t4obl8bs|4420000|3:KHONG_DOC_DUOC||cmu1exuf30078f622mbb82jnu|KHAC(parser bỏ sót)
BACKFILL|cmu1exuf00076f622nb2gxv7i|3120000|3:KHONG_DOC_DUOC||cmu1exuex0075f6222zi6hsmi|KHAC(parser bỏ sót)
BACKFILL|cmu1exufc007cf6227a906su2|2640000|3:KHONG_DOC_DUOC||cmu1exuf9007bf6226d177s31|KHAC(parser bỏ sót)
BACKFILL|cmu1exufh007ff622buhlf6mw|4400000|3:KHONG_DOC_DUOC||cmu1exufe007ef622ffr1wbke|KHAC(parser bỏ sót)
BACKFILL|cmu1exufp007if62286xkoqfc|4400000|3:KHONG_DOC_DUOC||cmu1exufk007hf6222oxxa01l|KHAC(parser bỏ sót)
SEPAY|uat-gdnh-35|2640000|3:KHONG_DOC_DUOC|||CUNG(cùng không gắn)
BACKFILL|cmu1exufx007lf622te2hd23v|4400000|3:KHONG_DOC_DUOC||cmu1exufu007kf622xaq1l65l|KHAC(parser bỏ sót)
BACKFILL|cmu1exugl007yf622te87wj98|4400000|3:KHONG_DOC_DUOC||cmu1exugi007xf622u2crhbmj|KHAC(parser bỏ sót)
BACKFILL|cmu1exug4007pf622gezaxddk|4400000|3:KHONG_DOC_DUOC||cmu1exug1007of622hf7rnpkh|KHAC(parser bỏ sót)
BACKFILL|cmu1exuga007sf622z7k8zjmi|1320000|3:KHONG_DOC_DUOC||cmu1exug7007rf622nw0zcma6|KHAC(parser bỏ sót)
BACKFILL|cmu1exugf007vf622hafnb0qc|4320000|3:KHONG_DOC_DUOC||cmu1exugd007uf6221n6klgip|KHAC(parser bỏ sót)
BACKFILL|cmu1exugr0082f622x4bfngyo|2200000|3:KHONG_DOC_DUOC||cmu1exugp0081f622dzlbbbw1|KHAC(parser bỏ sót)
BACKFILL|cmu1exuh10088f622hdescru1|4080000|3:KHONG_DOC_DUOC||cmu1exugy0087f62213g1fnoh|KHAC(parser bỏ sót)
BACKFILL|cmu1exugw0085f622i0j6skyu|4400000|3:KHONG_DOC_DUOC||cmu1exugt0084f622ricbgsji|KHAC(parser bỏ sót)
BACKFILL|cmu1exuh6008bf622v21ftpu2|3740000|3:KHONG_DOC_DUOC||cmu1exuh3008af6224mktmjte|KHAC(parser bỏ sót)
BACKFILL|cmu1exuhp008lf6221mv55j2d|4320000|3:KHONG_DOC_DUOC||cmu1exuhn008kf6221rydou4u|KHAC(parser bỏ sót)
BACKFILL|cmu1exuhk008if6222p7isn3v|4180000|3:KHONG_DOC_DUOC||cmu1exuhi008hf622btp73fa0|KHAC(parser bỏ sót)
BACKFILL|cmu1exuhf008ff6220gsd6027|4800000|3:KHONG_DOC_DUOC||cmu1exuhc008ef6220y47joxi|KHAC(parser bỏ sót)
BACKFILL|cmu1exuhu008of622f4zlntvh|4400000|3:KHONG_DOC_DUOC||cmu1exuhs008nf6220mjw95zo|KHAC(parser bỏ sót)
BACKFILL|cmu1exui5008uf6224hiumzzn|4400000|3:KHONG_DOC_DUOC||cmu1exui3008tf622pwr8dphn|KHAC(parser bỏ sót)
SEPAY|uat-gdnh-0|4400000|3:KHONG_DOC_DUOC|||CUNG(cùng không gắn)
BACKFILL|cmu1exuia008xf622motuqktz|4400000|3:KHONG_DOC_DUOC||cmu1exui8008wf62226sw1u5t|KHAC(parser bỏ sót)
BACKFILL|cmu1exuif0090f622v7sil8oj|4180000|3:KHONG_DOC_DUOC||cmu1exuic008zf622qhvmbw0h|KHAC(parser bỏ sót)
BACKFILL|cmu1exuiq0096f6229shmqn6w|4800000|3:KHONG_DOC_DUOC||cmu1exuin0095f622biijxt4v|KHAC(parser bỏ sót)
BACKFILL|cmu1exuil0093f622sz1b61lj|4400000|3:KHONG_DOC_DUOC||cmu1exuii0092f6229aqtjiju|KHAC(parser bỏ sót)
BACKFILL|cmu1exuix0099f622ikxvcyhu|4400000|3:KHONG_DOC_DUOC||cmu1exuis0098f622k13vt138|KHAC(parser bỏ sót)
BACKFILL|cmu1exuj3009df622p4ydbz4a|1320000|3:KHONG_DOC_DUOC||cmu1exuj0009cf622vk2g6xb3|KHAC(parser bỏ sót)
BACKFILL|cmu1exuj8009gf622m8lpb5lm|3960000|3:KHONG_DOC_DUOC||cmu1exuj5009ff622tls5rugv|KHAC(parser bỏ sót)
BACKFILL|cmu1exujj009mf622tzlsiqua|4560000|3:KHONG_DOC_DUOC||cmu1exujh009lf622cc0f8d9u|KHAC(parser bỏ sót)
BACKFILL|cmu1exuje009jf622ctmvj1nb|2880000|3:KHONG_DOC_DUOC||cmu1exujb009if622vl1vdxf9|KHAC(parser bỏ sót)
BACKFILL|cmu1exujy009sf6224ufcodfe|5200000|3:KHONG_DOC_DUOC||cmu1exujw009rf622xyusaeac|KHAC(parser bỏ sót)
BACKFILL|cmu1exuk3009vf6225atkeobd|4320000|3:KHONG_DOC_DUOC||cmu1exuk0009uf6222twkmrvt|KHAC(parser bỏ sót)
BACKFILL|cmu1exujt009pf622tmsm3zpa|4400000|3:KHONG_DOC_DUOC||cmu1exujm009of622uy3l3cxx|KHAC(parser bỏ sót)
BACKFILL|cmu1exukd00a2f622ihf9e9gr|4800000|3:KHONG_DOC_DUOC||cmu1exukb00a1f622f6cdxbyc|KHAC(parser bỏ sót)
BACKFILL|cmu1exuk9009zf6221ihp86tg|3600000|3:KHONG_DOC_DUOC||cmu1exuk6009yf622gac4ubmi|KHAC(parser bỏ sót)
BACKFILL|cmu1exukj00a5f622etdhcz2q|4400000|3:KHONG_DOC_DUOC||cmu1exukg00a4f622fsm5s268|KHAC(parser bỏ sót)
BACKFILL|cmu1exuko00a8f6226dt125s9|4080000|3:KHONG_DOC_DUOC||cmu1exukl00a7f622xotwxvq6|KHAC(parser bỏ sót)
BACKFILL|cmu1exuks00abf622lldslw83|5200000|3:KHONG_DOC_DUOC||cmu1exukq00aaf622l3ckb2sc|KHAC(parser bỏ sót)
SEPAY|uat-gdnh-22|5200000|3:KHONG_DOC_DUOC|||CUNG(cùng không gắn)
BACKFILL|cmu1exukx00aef622yt6pf7gu|5200000|3:KHONG_DOC_DUOC||cmu1exuku00adf622g1d4wk4c|KHAC(parser bỏ sót)
SEPAY|uat-gdnh-43|5200000|3:KHONG_DOC_DUOC|||CUNG(cùng không gắn)
BACKFILL|cmu1exule00anf6222bjkpfjc|4400000|3:KHONG_DOC_DUOC||cmu1exula00amf6223d1rmgma|KHAC(parser bỏ sót)
BACKFILL|cmu1exul700akf622a47uqbdv|3960000|3:KHONG_DOC_DUOC||cmu1exul300ajf622x5gtxvq4|KHAC(parser bỏ sót)
BACKFILL|cmu1exulq00atf62267b9d70e|4400000|3:KHONG_DOC_DUOC||cmu1exuln00asf622cos593ro|KHAC(parser bỏ sót)
BACKFILL|cmu1exulw00awf6221j0cukl5|4400000|3:KHONG_DOC_DUOC||cmu1exult00avf622z8tcuq4l|KHAC(parser bỏ sót)
BACKFILL|cmu1exum300b0f622uu7i6pk8|1080000|3:KHONG_DOC_DUOC||cmu1exum000azf622iw4iotk7|KHAC(parser bỏ sót)
BACKFILL|cmu1exulk00aqf622eq81s39t|1320000|3:KHONG_DOC_DUOC||cmu1exulh00apf6229r1q0wft|KHAC(parser bỏ sót)
BACKFILL|cmu1exum900b3f622a8qu2pls|5200000|3:KHONG_DOC_DUOC||cmu1exum600b2f622cf8kcd3n|KHAC(parser bỏ sót)
BACKFILL|cmu1exumu00bgf622x6ihorxa|3600000|3:KHONG_DOC_DUOC||cmu1exums00bff622hhmhcp3n|KHAC(parser bỏ sót)
BACKFILL|cmu1exumo00bcf622k5mun5j5|3600000|3:KHONG_DOC_DUOC||cmu1exumm00bbf6229g6bozfs|KHAC(parser bỏ sót)
BACKFILL|cmu1exumj00b9f622erkyrfof|5200000|3:KHONG_DOC_DUOC||cmu1exumg00b8f622bu7qysvj|KHAC(parser bỏ sót)
BACKFILL|cmu1exumd00b6f622opz8vf5x|5200000|3:KHONG_DOC_DUOC||cmu1exumb00b5f62212wys8sw|KHAC(parser bỏ sót)
BACKFILL|cmu1exun100bkf622m29dxqvu|3240000|3:KHONG_DOC_DUOC||cmu1exumz00bjf6228yhi1gnj|KHAC(parser bỏ sót)
BACKFILL|cmu1exun500bnf6222upem27p|4680000|3:KHONG_DOC_DUOC||cmu1exun300bmf622i6b929q1|KHAC(parser bỏ sót)
BACKFILL|cmu1exuna00bqf622mqtmg8qu|4400000|3:KHONG_DOC_DUOC||cmu1exun800bpf62237stddia|KHAC(parser bỏ sót)
BACKFILL|cmu1exung00btf622aecih29t|4400000|3:KHONG_DOC_DUOC||cmu1exund00bsf622k14tw5kp|KHAC(parser bỏ sót)
BACKFILL|cmu1exunp00bxf6223wbc3hw8|4400000|3:KHONG_DOC_DUOC||cmu1exunm00bwf6226744lldr|KHAC(parser bỏ sót)
BACKFILL|cmu1exunw00c1f622rvw00505|1320000|3:KHONG_DOC_DUOC||cmu1exunt00c0f622qrwrl9wa|KHAC(parser bỏ sót)
SEPAY|uat-gdnh-13|4400000|3:KHONG_DOC_DUOC|||CUNG(cùng không gắn)
BACKFILL|cmu1exuo200c5f622g2rh0uk4|4400000|3:KHONG_DOC_DUOC||cmu1exuo000c4f622l7gegulg|KHAC(parser bỏ sót)
BACKFILL|cmu1exuoa00cbf622wb4c5c9x|4400000|3:KHONG_DOC_DUOC||cmu1exuo800caf6226zha4g5r|KHAC(parser bỏ sót)
BACKFILL|cmu1exuo600c8f622yb8g9rsc|4400000|3:KHONG_DOC_DUOC||cmu1exuo400c7f622mfbsllva|KHAC(parser bỏ sót)
BACKFILL|cmu1exuoe00cef622e0o02h41|1680000|3:KHONG_DOC_DUOC||cmu1exuoc00cdf6222s60o79r|KHAC(parser bỏ sót)
SEPAY|uat-gdnh-29|3740000|3:KHONG_DOC_DUOC|||CUNG(cùng không gắn)
BACKFILL|cmu1exuos00cmf6229dy1t46j|4400000|3:KHONG_DOC_DUOC||cmu1exuop00clf622b5mcqqnk|KHAC(parser bỏ sót)
BACKFILL|cmu1exup000cpf622f50n2gmf|4680000|3:KHONG_DOC_DUOC||cmu1exuox00cof622mj16aeuo|KHAC(parser bỏ sót)
BACKFILL|cmu1exup400csf622k7nh8hhj|4800000|3:KHONG_DOC_DUOC||cmu1exup200crf622c68k9g4l|KHAC(parser bỏ sót)
SEPAY|uat-gdnh-49|4400000|3:KHONG_DOC_DUOC|||CUNG(cùng không gắn)
BACKFILL|cmu1exup800cvf622qgatjxld|5600000|3:KHONG_DOC_DUOC||cmu1exup600cuf622wpnja83t|KHAC(parser bỏ sót)
BACKFILL|cmu1exupe00cyf622m34ns5vb|3360000|3:KHONG_DOC_DUOC||cmu1exupa00cxf622uj2nq7je|KHAC(parser bỏ sót)
BACKFILL|cmu1exupj00d1f6228545np6a|3600000|3:KHONG_DOC_DUOC||cmu1exuph00d0f6226fq4z74b|KHAC(parser bỏ sót)
BACKFILL|cmu1exuon00cjf6228bwh9xv4|3740000|3:KHONG_DOC_DUOC||cmu1exuol00cif622xg0gv66q|KHAC(parser bỏ sót)
BACKFILL|cmu1exupo00d4f62245m92ags|4400000|3:KHONG_DOC_DUOC||cmu1exupl00d3f6226umkyd4q|KHAC(parser bỏ sót)
BACKFILL|cmu1exupu00d7f622nmj1rl8q|5200000|3:KHONG_DOC_DUOC||cmu1exupq00d6f622yvypv6xf|KHAC(parser bỏ sót)
SEPAY|uat-gdnh-20|4400000|3:KHONG_DOC_DUOC|||CUNG(cùng không gắn)
BACKFILL|cmu1exuq100daf62298vanh39|1560000|3:KHONG_DOC_DUOC||cmu1exupx00d9f6227xn44wcb|KHAC(parser bỏ sót)
BACKFILL|cmu1exuq800dff6225zr79kd2|4400000|3:KHONG_DOC_DUOC||cmu1exuq600def622u323019d|KHAC(parser bỏ sót)
BACKFILL|cmu1exuql00dof622x8jr4ai7|3960000|3:KHONG_DOC_DUOC||cmu1exuqj00dnf622cgx507vx|KHAC(parser bỏ sót)
BACKFILL|cmu1exuqd00dif6220irlq3mb|3600000|3:KHONG_DOC_DUOC||cmu1exuqa00dhf622fn44gcze|KHAC(parser bỏ sót)
BACKFILL|cmu1exuqh00dlf622rssmshnm|5600000|3:KHONG_DOC_DUOC||cmu1exuqf00dkf622np9fj2ff|KHAC(parser bỏ sót)
BACKFILL|cmu1exuqr00drf622v6ebhb8w|4800000|3:KHONG_DOC_DUOC||cmu1exuqp00dqf622dttphxiy|KHAC(parser bỏ sót)
SEPAY|uat-gdnh-52|4800000|3:KHONG_DOC_DUOC|||CUNG(cùng không gắn)
BACKFILL|cmu1exuqx00dvf622c5m3gcjz|2640000|3:KHONG_DOC_DUOC||cmu1exuqu00duf622qtkb2gzg|KHAC(parser bỏ sót)
BACKFILL|cmu1exur300dyf6226u3pqua7|4400000|3:KHONG_DOC_DUOC||cmu1exuqz00dxf622krdc1ldn|KHAC(parser bỏ sót)
BACKFILL|cmu1exurk00e6f622vzwocb4u|5600000|3:KHONG_DOC_DUOC||cmu1exurh00e5f622jl8atfgw|KHAC(parser bỏ sót)
BACKFILL|cmu1exurb00e3f622fzg9m8va|5200000|3:KHONG_DOC_DUOC||cmu1exur800e2f622pbcqfue9|KHAC(parser bỏ sót)
BACKFILL|cmu1exurv00e9f622pf17m4wd|4400000|3:KHONG_DOC_DUOC||cmu1exurt00e8f622icel07k4|KHAC(parser bỏ sót)
BACKFILL|cmu1exurz00ecf622iua99oje|5200000|3:KHONG_DOC_DUOC||cmu1exurx00ebf622wesu2q0g|KHAC(parser bỏ sót)
SEPAY|uat-gdnh-1|4800000|3:KHONG_DOC_DUOC|||CUNG(cùng không gắn)
BACKFILL|cmu1exus500egf622wi3jqbz0|4800000|3:KHONG_DOC_DUOC||cmu1exus200eff6225yl229n6|KHAC(parser bỏ sót)
BACKFILL|cmu1exusb00ejf622hr2ijpfv|4800000|3:KHONG_DOC_DUOC||cmu1exus800eif622oltrs3ch|KHAC(parser bỏ sót)
BACKFILL|cmu1exusj00eof622zvjhf1ks|1368000|3:KHONG_DOC_DUOC||cmu1exusg00enf622q3gqbpol|KHAC(parser bỏ sót)
BACKFILL|cmu1exusw00euf622pkc4j9xl|4400000|3:KHONG_DOC_DUOC||cmu1exust00etf622gu7csjfa|KHAC(parser bỏ sót)
BACKFILL|cmu1exusr00esf6223rlgbjck|3740000|3:KHONG_DOC_DUOC|||CUNG(cùng không gắn)
SEPAY|uat-gdnh-4|4400000|3:KHONG_DOC_DUOC|||CUNG(cùng không gắn)
BACKFILL|cmu1exut400exf622fpokan4h|3600000|3:KHONG_DOC_DUOC||cmu1exut000ewf622jsid1see|KHAC(parser bỏ sót)
BACKFILL|cmu1exuta00f0f622radtf8xy|2200000|3:KHONG_DOC_DUOC|||CUNG(cùng không gắn)
BACKFILL|cmu1exutd00f2f622z2znpj7e|3600000|3:KHONG_DOC_DUOC||cmu1exuta00f1f6222m1a4ixr|KHAC(parser bỏ sót)
BACKFILL|cmu1exutm00f8f62266u0b95e|2600000|3:KHONG_DOC_DUOC|||CUNG(cùng không gắn)
BACKFILL|cmu1exutj00f6f622zo3rf9jo|3600000|3:KHONG_DOC_DUOC|||CUNG(cùng không gắn)
SEPAY|uat-gdnh-11|3600000|3:KHONG_DOC_DUOC|||CUNG(cùng không gắn)
SEPAY|uat-gdnh-45|4400000|3:KHONG_DOC_DUOC|||CUNG(cùng không gắn)
BACKFILL|cmu1exutv00fef622slspdfba|4400000|3:KHONG_DOC_DUOC|||CUNG(cùng không gắn)
BACKFILL|cmu1exutq00fbf622ghk94ph2|3600000|3:KHONG_DOC_DUOC||cmu1exuto00faf622tvmx880i|KHAC(parser bỏ sót)
BACKFILL|cmu1exuua00fjf622xg3llohw|3600000|3:KHONG_DOC_DUOC|||CUNG(cùng không gắn)
BACKFILL|cmu1exuu300fhf622fheo9dnm|3600000|3:KHONG_DOC_DUOC|||CUNG(cùng không gắn)
BACKFILL|cmu1exuug00fmf622j9vh9l7i|1870000|3:KHONG_DOC_DUOC|||CUNG(cùng không gắn)
BACKFILL|cmu1exuuk00fof622s80z0ie5|3120000|3:KHONG_DOC_DUOC||cmu1exuui00fnf62257fby54b|KHAC(parser bỏ sót)
BACKFILL|cmu1exuup00frf622ujm1udol|4400000|3:KHONG_DOC_DUOC||cmu1exuun00fqf622wxdzdy4z|KHAC(parser bỏ sót)
BACKFILL|cmu1exuv100fzf6228408yuft|4420000|3:KHONG_DOC_DUOC|||CUNG(cùng không gắn)
SEPAY|uat-gdnh-23|3120000|3:KHONG_DOC_DUOC|||CUNG(cùng không gắn)
BACKFILL|cmu1exuuu00fuf6227lh5e087|5600000|3:KHONG_DOC_DUOC||cmu1exuur00ftf622free2xf0|KHAC(parser bỏ sót)
BACKFILL|cmu1exuv500g2f622u6iebqk0|1800000|3:KHONG_DOC_DUOC|||CUNG(cùng không gắn)
BACKFILL|cmu1exuuy00fxf622j87jvxta|3120000|3:KHONG_DOC_DUOC|||CUNG(cùng không gắn)
SEPAY|uat-gdnh-50|1122000|3:KHONG_DOC_DUOC|||CUNG(cùng không gắn)
BACKFILL|cmu1exuva00g6f622744lp4g1|4400000|3:KHONG_DOC_DUOC|||CUNG(cùng không gắn)
BACKFILL|cmu1exuv800g4f622zu6ugcge|1122000|3:KHONG_DOC_DUOC|||CUNG(cùng không gắn)
BACKFILL|cmu1exuvo00gcf622orsg1u7s|3960000|3:KHONG_DOC_DUOC|||CUNG(cùng không gắn)
SEPAY|uat-gdnh-39|4940000|3:KHONG_DOC_DUOC|||CUNG(cùng không gắn)
SEPAY|uat-gdnh-16|3960000|3:KHONG_DOC_DUOC|||CUNG(cùng không gắn)
BACKFILL|cmu1exuw000gjf6224ecgvwe8|4400000|3:KHONG_DOC_DUOC||cmu1exuvy00gif6224902cjjo|KHAC(parser bỏ sót)
BACKFILL|cmu1exuvy00ghf6225q4wqhgn|4940000|3:KHONG_DOC_DUOC|||CUNG(cùng không gắn)
BACKFILL|cmu1exuvt00gef622ipssv709|3600000|3:KHONG_DOC_DUOC||cmu1exuvp00gdf622bzqhip9t|KHAC(parser bỏ sót)
BACKFILL|cmu1exuvk00g9f622u45djc0k|5600000|3:KHONG_DOC_DUOC||cmu1exuve00g8f6226151rrp8|KHAC(parser bỏ sót)
SEPAY|uat-gdnh-34|3600000|3:KHONG_DOC_DUOC|||CUNG(cùng không gắn)
BACKFILL|cmu1exuwb00gqf622mg02z042|3600000|3:KHONG_DOC_DUOC||cmu1exuw800gpf622tpb4aakg|KHAC(parser bỏ sót)
BACKFILL|cmu1exuwm00gwf6222d61ieo2|3600000|3:KHONG_DOC_DUOC||cmu1exuwj00gvf6224vxmbmkv|KHAC(parser bỏ sót)
BACKFILL|cmu1exuwg00gtf622xh31xdla|4400000|3:KHONG_DOC_DUOC||cmu1exuwe00gsf622dbzu815v|KHAC(parser bỏ sót)
SEPAY|uat-gdnh-26|4400000|3:KHONG_DOC_DUOC|||CUNG(cùng không gắn)
BACKFILL|cmu1exuwr00gzf6229nv557vj|3600000|3:KHONG_DOC_DUOC|||CUNG(cùng không gắn)
BACKFILL|cmu1exuwv00h1f622r20z2w8u|4760000|3:KHONG_DOC_DUOC||cmu1exuws00h0f622wedgxax0|KHAC(parser bỏ sót)
BACKFILL|cmu1exuw600gnf622sh4darm2|3600000|3:KHONG_DOC_DUOC||cmu1exuw400gmf622ypn15n0o|KHAC(parser bỏ sót)
BACKFILL|cmu1exuxh00hbf622nlefl059|3120000|3:KHONG_DOC_DUOC|||CUNG(cùng không gắn)
BACKFILL|cmu1exux300h4f622bcgmn1o5|5200000|3:KHONG_DOC_DUOC||cmu1exuwx00h3f62281g77y6t|KHAC(parser bỏ sót)
BACKFILL|cmu1exux800h7f622u6j4971p|3740000|3:KHONG_DOC_DUOC||cmu1exux600h6f622qmxedw07|KHAC(parser bỏ sót)
BACKFILL|cmu1exuxl00hdf622gh5ozgl1|2856000|3:KHONG_DOC_DUOC||cmu1exuxi00hcf62247u37kr9|KHAC(parser bỏ sót)
BACKFILL|cmu1exuxq00hgf622yci4z94p|5600000|3:KHONG_DOC_DUOC||cmu1exuxn00hff622fpj6105d|KHAC(parser bỏ sót)
BACKFILL|cmu1exuxu00hjf622hyuqyajc|5600000|3:KHONG_DOC_DUOC||cmu1exuxs00hif622yhvjxarx|KHAC(parser bỏ sót)
BACKFILL|cmu1exuxz00hmf6229r9c9dxy|972000|3:KHONG_DOC_DUOC|||CUNG(cùng không gắn)
BACKFILL|cmu1exuy200hof62266crl272|5200000|3:KHONG_DOC_DUOC||cmu1exuy000hnf622wfecaj0h|KHAC(parser bỏ sót)
BACKFILL|cmu1exuyf00hyf6221jj8fkv2|2160000|3:KHONG_DOC_DUOC|||CUNG(cùng không gắn)
BACKFILL|cmu1exuy900htf62234cm55ij|5600000|3:KHONG_DOC_DUOC||cmu1exuy700hsf622532d5d69|KHAC(parser bỏ sót)
SEPAY|uat-gdnh-25|2160000|3:KHONG_DOC_DUOC|||CUNG(cùng không gắn)
BACKFILL|cmu1exuy600hrf622cr7zeeyg|5200000|3:KHONG_DOC_DUOC|||CUNG(cùng không gắn)
BACKFILL|cmu1exuyn00i5f622uvnkxmkw|5200000|3:KHONG_DOC_DUOC||cmu1exuyl00i4f62294f71e0d|KHAC(parser bỏ sót)
BACKFILL|cmu1exuyi00i1f6225wlnodin|2200000|3:KHONG_DOC_DUOC||cmu1exuyh00i0f622409o9cqr|KHAC(parser bỏ sót)
BACKFILL|cmu1exuys00i8f622qgkgdng2|3600000|3:KHONG_DOC_DUOC||cmu1exuyq00i7f622n50p6j8d|KHAC(parser bỏ sót)
BACKFILL|cmu1exuz100iff6222xn5s2r8|4680000|3:KHONG_DOC_DUOC|||CUNG(cùng không gắn)
BACKFILL|cmu1exuyy00icf622wsa8qcwz|4400000|3:KHONG_DOC_DUOC||cmu1exuyw00ibf6227p8m211w|KHAC(parser bỏ sót)
SEPAY|uat-gdnh-48|4400000|3:KHONG_DOC_DUOC|||CUNG(cùng không gắn)
BACKFILL|cmu1exuze00ikf6223u63xd4v|4400000|3:KHONG_DOC_DUOC||cmu1exuzb00ijf622lvi8oe6c|KHAC(parser bỏ sót)
SEPAY|uat-gdnh-37|4400000|3:KHONG_DOC_DUOC|||CUNG(cùng không gắn)
BACKFILL|cmu1exuza00iif622bxommbpv|5200000|3:KHONG_DOC_DUOC|||CUNG(cùng không gắn)
BACKFILL|cmu1exuzp00iqf6223pjz6nce|3240000|3:KHONG_DOC_DUOC|||CUNG(cùng không gắn)
BACKFILL|cmu1exuzi00inf6220t5sotso|4400000|3:KHONG_DOC_DUOC||cmu1exuzg00imf622v49gg9ca|KHAC(parser bỏ sót)
BACKFILL|cmu1exv0b00j4f622umx8rt5p|5320000|3:KHONG_DOC_DUOC||cmu1exv0900j3f622x8nh8rkh|KHAC(parser bỏ sót)
BACKFILL|cmu1exuzs00isf622uz72qg5a|5600000|3:KHONG_DOC_DUOC||cmu1exuzq00irf622nwho76xb|KHAC(parser bỏ sót)
BACKFILL|cmu1exv0100iyf622yfnz87my|2600000|3:KHONG_DOC_DUOC||cmu1exuzy00ixf622dbjgei61|KHAC(parser bỏ sót)
BACKFILL|cmu1exuzw00ivf622fppaek2r|5600000|3:KHONG_DOC_DUOC||cmu1exuzu00iuf622hp3yvakb|KHAC(parser bỏ sót)
BACKFILL|cmu1exv0600j1f622hg2zw0s2|918000|3:KHONG_DOC_DUOC||cmu1exv0300j0f622uevvi0b6|KHAC(parser bỏ sót)
BACKFILL|cmu1exv0k00jaf6225unrejee|4400000|3:KHONG_DOC_DUOC||cmu1exv0h00j9f6220piiy90e|KHAC(parser bỏ sót)
BACKFILL|cmu1exv0z00jlf622tf3lrzc7|4800000|3:KHONG_DOC_DUOC|||CUNG(cùng không gắn)
BACKFILL|cmu1exv0o00jdf622j1gx4pm8|3060000|3:KHONG_DOC_DUOC||cmu1exv0m00jcf622k64nujxe|KHAC(parser bỏ sót)
BACKFILL|cmu1exv1200jnf6224inru7yr|1320000|3:KHONG_DOC_DUOC||cmu1exv1000jmf622e2dfis1m|KHAC(parser bỏ sót)
BACKFILL|cmu1exv0s00jgf622vgxff8hs|4080000|3:KHONG_DOC_DUOC|||CUNG(cùng không gắn)
BACKFILL|cmu1exv0u00jif622qyioerj1|4180000|3:KHONG_DOC_DUOC||cmu1exv0t00jhf622u8ua2crm|KHAC(parser bỏ sót)
BACKFILL|cmu1exv1800jtf622um0z5j0g|4400000|3:KHONG_DOC_DUOC|||CUNG(cùng không gắn)
BACKFILL|cmu1exv1600jrf622c9psegao|4940000|3:KHONG_DOC_DUOC|||CUNG(cùng không gắn)
BACKFILL|cmu1exv1i00jyf622r49r5zmc|4400000|3:KHONG_DOC_DUOC||cmu1exv1d00jxf6223fuzzgbd|KHAC(parser bỏ sót)
SEPAY|uat-gdnh-18|4400000|3:KHONG_DOC_DUOC|||CUNG(cùng không gắn)
SEPAY|uat-gdnh-38|4400000|3:KHONG_DOC_DUOC|||CUNG(cùng không gắn)
BACKFILL|cmu1exv1b00jvf622mr4dmvsu|4400000|3:KHONG_DOC_DUOC||cmu1exv1900juf622zgkqpec5|KHAC(parser bỏ sót)
BACKFILL|cmu1exv1n00k1f622p9r7lhq9|5040000|3:KHONG_DOC_DUOC||cmu1exv1k00k0f622mssrc01u|KHAC(parser bỏ sót)
BACKFILL|cmu1exv2000k9f622p9o0u3y0|3600000|3:KHONG_DOC_DUOC||cmu1exv1x00k8f622t12qpbpt|KHAC(parser bỏ sót)
BACKFILL|cmu1exv1s00k5f622iwf4muzx|5320000|3:KHONG_DOC_DUOC||cmu1exv1q00k4f6222xofnlk3|KHAC(parser bỏ sót)
BACKFILL|cmu1exv2500kcf622xz3kjk4q|4400000|3:KHONG_DOC_DUOC||cmu1exv2300kbf622lvj4svwb|KHAC(parser bỏ sót)
BACKFILL|cmu1exv2a00kff622juh8ndgu|4400000|3:KHONG_DOC_DUOC||cmu1exv2700kef622rftao475|KHAC(parser bỏ sót)
BACKFILL|cmu1exv2i00kif622x3n0yvql|4400000|3:KHONG_DOC_DUOC|||CUNG(cùng không gắn)
BACKFILL|cmu1exv2p00kmf62235lf23ah|5200000|3:KHONG_DOC_DUOC|||CUNG(cùng không gắn)
BACKFILL|cmu1exv3c00l0f622ulm3k1h0|4400000|3:KHONG_DOC_DUOC|||CUNG(cùng không gắn)
BACKFILL|cmu1exv2z00ksf6229g168ypo|3740000|3:KHONG_DOC_DUOC||cmu1exv2x00krf622mvoudf1k|KHAC(parser bỏ sót)
SEPAY|uat-gdnh-24|3740000|3:KHONG_DOC_DUOC|||CUNG(cùng không gắn)
BACKFILL|cmu1exv3300kvf6229aln5813|3740000|3:KHONG_DOC_DUOC||cmu1exv3100kuf622exk28trq|KHAC(parser bỏ sót)
BACKFILL|cmu1exv2u00kpf622b3bwxg1x|4180000|3:KHONG_DOC_DUOC||cmu1exv2s00kof6227gamla51|KHAC(parser bỏ sót)
BACKFILL|cmu1exv3900kyf6225t7paunx|4400000|3:KHONG_DOC_DUOC|||CUNG(cùng không gắn)
BACKFILL|cmu1exv3f00l2f622j94bi3ni|4400000|3:KHONG_DOC_DUOC||cmu1exv3d00l1f622jy805ynn|KHAC(parser bỏ sót)
SEPAY|uat-gdnh-14|4400000|3:KHONG_DOC_DUOC|||CUNG(cùng không gắn)
BACKFILL|cmu1exv3p00l7f622gmnc9e94|4400000|3:KHONG_DOC_DUOC||cmu1exv3m00l6f622hqxz44t1|KHAC(parser bỏ sót)
BACKFILL|cmu1exv3l00l5f622wz5ixz52|4400000|3:KHONG_DOC_DUOC|||CUNG(cùng không gắn)
SEPAY|uat-gdnh-59|4400000|3:KHONG_DOC_DUOC|||CUNG(cùng không gắn)
BACKFILL|cmu1exv3w00lcf622chi6glxj|2200000|3:KHONG_DOC_DUOC||cmu1exv3u00lbf62208bnuyrs|KHAC(parser bỏ sót)
SEPAY|uat-gdnh-54|3024000|3:KHONG_DOC_DUOC|||CUNG(cùng không gắn)
BACKFILL|cmu1exv4100lff622zoqlau8z|3024000|3:KHONG_DOC_DUOC||cmu1exv3y00lef622l2ltulc5|KHAC(parser bỏ sót)
BACKFILL|cmu1exv3u00laf622ngfuz0q9|918000|3:KHONG_DOC_DUOC|||CUNG(cùng không gắn)
BACKFILL|cmu1exv4700lif622ncyserul|2880000|3:KHONG_DOC_DUOC||cmu1exv4300lhf622g57djy8x|KHAC(parser bỏ sót)
BACKFILL|cmu1exv4e00llf622j6kig6xc|4800000|3:KHONG_DOC_DUOC|||CUNG(cùng không gắn)
BACKFILL|cmu1exv4m00lqf622feizu5r3|4400000|3:KHONG_DOC_DUOC|||CUNG(cùng không gắn)
BACKFILL|cmu1exv4h00lnf622jxbkgl6x|3600000|3:KHONG_DOC_DUOC||cmu1exv4f00lmf622x6arpm8l|KHAC(parser bỏ sót)
BACKFILL|cmu1exv4v00luf622rzltnkha|2640000|3:KHONG_DOC_DUOC||cmu1exv4r00ltf622q5rn6o6y|KHAC(parser bỏ sót)
BACKFILL|cmu1exv5400m0f6221azoe238|2880000|3:KHONG_DOC_DUOC||cmu1exv5100lzf622xa78bzo6|KHAC(parser bỏ sót)
BACKFILL|cmu1exv4z00lxf6225alnfycf|2400000|3:KHONG_DOC_DUOC|||CUNG(cùng không gắn)
BACKFILL|cmu1exv5900m3f62220jq37ky|4800000|3:KHONG_DOC_DUOC||cmu1exv5600m2f622hljnhbm1|KHAC(parser bỏ sót)
BACKFILL|cmu1exv5k00m7f622ci8j8phy|4800000|3:KHONG_DOC_DUOC||cmu1exv5g00m6f622xj6iuoak|KHAC(parser bỏ sót)
BACKFILL|cmu1exv5t00mcf622p9s05u1g|4800000|3:KHONG_DOC_DUOC||cmu1exv5q00mbf6220p6sa74n|KHAC(parser bỏ sót)
BACKFILL|cmu1exv5p00maf6227f7hvh4v|4420000|3:KHONG_DOC_DUOC|||CUNG(cùng không gắn)
BACKFILL|cmu1exv6100mhf622qnggoy81|5200000|3:KHONG_DOC_DUOC|||CUNG(cùng không gắn)
BACKFILL|cmu1exv5x00mff622faqgk3ke|4400000|3:KHONG_DOC_DUOC|||CUNG(cùng không gắn)
BACKFILL|cmu1exv6400mjf622n50r76le|4400000|3:KHONG_DOC_DUOC||cmu1exv6200mif622d2b3pncr|KHAC(parser bỏ sót)
SEPAY|uat-gdnh-56|4400000|3:KHONG_DOC_DUOC|||CUNG(cùng không gắn)
BACKFILL|cmu1exv6e00mpf62264rx9tkc|4800000|3:KHONG_DOC_DUOC||cmu1exv6c00mof6229fkktezu|KHAC(parser bỏ sót)
SEPAY|uat-gdnh-9|2880000|3:KHONG_DOC_DUOC|||CUNG(cùng không gắn)
BACKFILL|cmu1exv6m00muf622na8uukfv|4400000|3:KHONG_DOC_DUOC||cmu1exv6k00mtf6227fhi64ik|KHAC(parser bỏ sót)
BACKFILL|cmu1exv6j00msf622tj4evto5|4400000|3:KHONG_DOC_DUOC|||CUNG(cùng không gắn)
BACKFILL|cmu1exv6a00mmf6228ok5y0yh|2880000|3:KHONG_DOC_DUOC||cmu1exv6800mlf622q1psjtnq|KHAC(parser bỏ sót)
BACKFILL|cmu1exv6x00n3f6224paj1e7v|4800000|3:KHONG_DOC_DUOC|||CUNG(cùng không gắn)
SEPAY|uat-gdnh-21|4800000|3:KHONG_DOC_DUOC|||CUNG(cùng không gắn)
BACKFILL|cmu1exv6s00mzf622fbrq60qi|4800000|3:KHONG_DOC_DUOC||cmu1exv6q00myf6228c8hu3su|KHAC(parser bỏ sót)
BACKFILL|cmu1exv7200n6f622fyp1fq0e|4400000|3:KHONG_DOC_DUOC||cmu1exv6z00n5f6224ie4iskn|KHAC(parser bỏ sót)
BACKFILL|cmu1exv7600n9f622n2t0rysq|4400000|3:KHONG_DOC_DUOC||cmu1exv7400n8f622c1yo42yw|KHAC(parser bỏ sót)
BACKFILL|cmu1exv7a00ncf622zgq8eiuv|2400000|3:KHONG_DOC_DUOC|||CUNG(cùng không gắn)
BACKFILL|cmu1exv7c00nef6224p88wl5y|4400000|3:KHONG_DOC_DUOC|||CUNG(cùng không gắn)
BACKFILL|cmu1exv8300nwf622uw018yc9|1254000|3:KHONG_DOC_DUOC||cmu1exv8100nvf622u3mjec6a|KHAC(parser bỏ sót)
SEPAY|uat-gdnh-41|4400000|3:KHONG_DOC_DUOC|||CUNG(cùng không gắn)
BACKFILL|cmu1exv7e00ngf62250g7fwht|2200000|3:KHONG_DOC_DUOC||cmu1exv7c00nff622q92660az|KHAC(parser bỏ sót)
BACKFILL|cmu1exv7j00njf622yc1q6fi1|4800000|3:KHONG_DOC_DUOC||cmu1exv7h00nif6221z38ux35|KHAC(parser bỏ sót)
BACKFILL|cmu1exv7o00nmf622q54ipj3d|3740000|3:KHONG_DOC_DUOC||cmu1exv7m00nlf6229p995doq|KHAC(parser bỏ sót)
BACKFILL|cmu1exv7t00npf622jfvjoqbb|3600000|3:KHONG_DOC_DUOC||cmu1exv7r00nof6226bipoooh|KHAC(parser bỏ sót)
BACKFILL|cmu1exv7z00ntf622lenlzmhe|4400000|3:KHONG_DOC_DUOC||cmu1exv7x00nsf622qj78rn8g|KHAC(parser bỏ sót)
BACKFILL|cmu1exv8800o0f622igvguhyy|4800000|3:KHONG_DOC_DUOC||cmu1exv8600nzf6227qmqwqat|KHAC(parser bỏ sót)
BACKFILL|cmu1exv8n00o5f622go6dtg90|4320000|3:KHONG_DOC_DUOC||cmu1exv8j00o4f622qa962s58|KHAC(parser bỏ sót)
BACKFILL|cmu1exv8e00o3f6224b20pvru|4800000|3:KHONG_DOC_DUOC|||CUNG(cùng không gắn)
BACKFILL|cmu1exv9a00ojf622gkgjkhlj|3240000|3:KHONG_DOC_DUOC||cmu1exv9800oif622syol206i|KHAC(parser bỏ sót)
BACKFILL|cmu1exv9300oef622xjwyofb8|4800000|3:KHONG_DOC_DUOC||cmu1exv9100odf622phjrjnfb|KHAC(parser bỏ sót)
BACKFILL|cmu1exv9f00omf6221p2nukw2|4400000|3:KHONG_DOC_DUOC||cmu1exv9c00olf6223tor9u7y|KHAC(parser bỏ sót)
BACKFILL|cmu1exv9700ohf622h66a4zqg|5200000|3:KHONG_DOC_DUOC|||CUNG(cùng không gắn)
BACKFILL|cmu1exv8y00obf622wv21hm7t|2400000|3:KHONG_DOC_DUOC||cmu1exv8v00oaf622ffsdfygi|KHAC(parser bỏ sót)
BACKFILL|cmu1exv8r00o8f622qfwcf96d|4800000|3:KHONG_DOC_DUOC||cmu1exv8p00o7f622s9d5bgjh|KHAC(parser bỏ sót)
BACKFILL|cmu1exv9p00osf6220vr29crb|1296000|3:KHONG_DOC_DUOC||cmu1exv9m00orf622hwtc2cte|KHAC(parser bỏ sót)
BACKFILL|cmu1exvac00p8f622vlqim5ws|2600000|3:KHONG_DOC_DUOC|||CUNG(cùng không gắn)
BACKFILL|cmu1exva800p5f6226w30womd|4080000|3:KHONG_DOC_DUOC||cmu1exva600p4f6223qhladmr|KHAC(parser bỏ sót)
BACKFILL|cmu1exva400p2f6223rmuoiyx|1440000|3:KHONG_DOC_DUOC||cmu1exva200p1f6228ecenvlg|KHAC(parser bỏ sót)
BACKFILL|cmu1exva000ozf622s5mv7koj|5200000|3:KHONG_DOC_DUOC|||CUNG(cùng không gắn)
BACKFILL|cmu1exv9k00opf622qx58t2oh|2592000|3:KHONG_DOC_DUOC||cmu1exv9h00oof622920wrdts|KHAC(parser bỏ sót)
BACKFILL|cmu1exv9v00owf622qgwcgsls|4400000|3:KHONG_DOC_DUOC||cmu1exv9t00ovf622ev9ymsrk|KHAC(parser bỏ sót)
BACKFILL|cmu1exvaj00pef6220ahyq5aj|4800000|3:KHONG_DOC_DUOC|||CUNG(cùng không gắn)
BACKFILL|cmu1exvam00pgf6224n8edx6l|3060000|3:KHONG_DOC_DUOC||cmu1exvak00pff6223h5kt1f2|KHAC(parser bỏ sót)
SEPAY|uat-gdnh-47|4400000|3:KHONG_DOC_DUOC|||CUNG(cùng không gắn)
BACKFILL|cmu1exvag00pbf622jujq7yed|4400000|3:KHONG_DOC_DUOC|||CUNG(cùng không gắn)
BACKFILL|cmu1exvb100pmf622sb2u8hi5|4400000|3:KHONG_DOC_DUOC|||CUNG(cùng không gắn)
BACKFILL|cmu1exvay00pkf6226rmpo8mr|2800000|3:KHONG_DOC_DUOC|||CUNG(cùng không gắn)
BACKFILL|cmu1exvb700pof62256zmaa5h|1188000|3:KHONG_DOC_DUOC|||CUNG(cùng không gắn)
BACKFILL|cmu1exvbi00puf622qxjq2duy|3420000|3:KHONG_DOC_DUOC||cmu1exvbf00ptf622zd7jyr0w|KHAC(parser bỏ sót)
BACKFILL|cmu1exvba00pqf6228at5c0is|3740000|3:KHONG_DOC_DUOC||cmu1exvb700ppf622wi97yocw|KHAC(parser bỏ sót)
BACKFILL|cmu1exvbn00pxf6222z5jasux|4400000|3:KHONG_DOC_DUOC||cmu1exvbl00pwf622735g8fja|KHAC(parser bỏ sót)
BACKFILL|cmu1exvbr00q0f622limukcun|4940000|3:KHONG_DOC_DUOC|||CUNG(cùng không gắn)
BACKFILL|cmu1exvbv00q2f622b527wum9|4800000|3:KHONG_DOC_DUOC||cmu1exvbs00q1f62263yr1kb4|KHAC(parser bỏ sót)
BACKFILL|cmu1exvc300q7f622twl508sg|2800000|3:KHONG_DOC_DUOC|||CUNG(cùng không gắn)
BACKFILL|cmu1exvc000q5f6223gcxqzgu|4400000|3:KHONG_DOC_DUOC|||CUNG(cùng không gắn)
BACKFILL|cmu1exvc600q9f622fbw7h30r|4400000|3:KHONG_DOC_DUOC|||CUNG(cùng không gắn)
BACKFILL|cmu1exvcf00qff622nm5qgt1t|4400000|3:KHONG_DOC_DUOC||cmu1exvcd00qef622tdgskshp|KHAC(parser bỏ sót)
BACKFILL|cmu1exvc900qbf6222p3ulzon|4400000|3:KHONG_DOC_DUOC||cmu1exvc600qaf622aden7peq|KHAC(parser bỏ sót)
BACKFILL|cmu1exvck00qif622l7gnvmkc|3600000|3:KHONG_DOC_DUOC||cmu1exvch00qhf622o1jwuvbx|KHAC(parser bỏ sót)
BACKFILL|cmu1exvco00qlf622t120x099|4400000|3:KHONG_DOC_DUOC|||CUNG(cùng không gắn)
BACKFILL|cmu1exvcr00qnf6228j567o33|4800000|3:KHONG_DOC_DUOC||cmu1exvcp00qmf6222uedjogf|KHAC(parser bỏ sót)
BACKFILL|cmu1exvcv00qqf622zm6ibrqb|4800000|3:KHONG_DOC_DUOC||cmu1exvct00qpf622pso4mxmc|KHAC(parser bỏ sót)
BACKFILL|cmu1exvdi00qzf622ar0l8ic9|4800000|3:KHONG_DOC_DUOC||cmu1exvdg00qyf622ggd829wm|KHAC(parser bỏ sót)
BACKFILL|cmu1exvda00quf622u63pprh5|5600000|3:KHONG_DOC_DUOC|||CUNG(cùng không gắn)
BACKFILL|cmu1exvdd00qwf622veob6ua3|1560000|3:KHONG_DOC_DUOC|||CUNG(cùng không gắn)
SEPAY|uat-gdnh-2|5600000|3:KHONG_DOC_DUOC|||CUNG(cùng không gắn)
BACKFILL|cmu1exvds00r4f622cl3znlzd|4800000|3:KHONG_DOC_DUOC||cmu1exvdq00r3f6225q91f5f3|KHAC(parser bỏ sót)
BACKFILL|cmu1exve400r8f622k8pu4hep|1224000|3:KHONG_DOC_DUOC||cmu1exve000r7f6226v4wzyjt|KHAC(parser bỏ sót)
BACKFILL|cmu1exveg00rgf622a2fv21br|5320000|3:KHONG_DOC_DUOC|||CUNG(cùng không gắn)
BACKFILL|cmu1exvec00rdf622q878bmf3|4080000|3:KHONG_DOC_DUOC||cmu1exvea00rcf622xeoj2lb6|KHAC(parser bỏ sót)
BACKFILL|cmu1exvek00rjf622i6ipade0|4800000|3:KHONG_DOC_DUOC||cmu1exvei00rif622qvwhfexi|KHAC(parser bỏ sót)
BACKFILL|cmu1exvep00rmf622tkk4nnoy|4800000|3:KHONG_DOC_DUOC||cmu1exvem00rlf62293myf87r|KHAC(parser bỏ sót)
BACKFILL|cmu1exvf200rvf6229n78j10y|2200000|3:KHONG_DOC_DUOC|||CUNG(cùng không gắn)
BACKFILL|cmu1exvez00rtf622563c2arb|3740000|3:KHONG_DOC_DUOC|||CUNG(cùng không gắn)
BACKFILL|cmu1exvev00rqf6221gjvnpoz|4800000|3:KHONG_DOC_DUOC||cmu1exvet00rpf622t4nvpp19|KHAC(parser bỏ sót)
BACKFILL|cmu1exvf400rxf622t1bq83gc|4080000|3:KHONG_DOC_DUOC|||CUNG(cùng không gắn)
BACKFILL|cmu1exvf700rzf622ehauju01|5600000|3:KHONG_DOC_DUOC|||CUNG(cùng không gắn)
BACKFILL|cmu1exvfz00sef6221ifpfsoq|1320000|3:KHONG_DOC_DUOC|||CUNG(cùng không gắn)
SEPAY|uat-gdnh-40|2640000|3:KHONG_DOC_DUOC|||CUNG(cùng không gắn)
BACKFILL|cmu1exvf900s1f6224isfs0vt|4800000|3:KHONG_DOC_DUOC|||CUNG(cùng không gắn)
BACKFILL|cmu1exvff00s4f6220hv0coxv|4800000|3:KHONG_DOC_DUOC||cmu1exvfc00s3f6226orfql5j|KHAC(parser bỏ sót)
BACKFILL|cmu1exvfj00s7f622el8baikk|4800000|3:KHONG_DOC_DUOC|||CUNG(cùng không gắn)
BACKFILL|cmu1exvfm00s9f62249sknezf|5600000|3:KHONG_DOC_DUOC||cmu1exvfk00s8f6220zcpxa4q|KHAC(parser bỏ sót)
BACKFILL|cmu1exvfv00scf622i2w9vjcd|5600000|3:KHONG_DOC_DUOC|||CUNG(cùng không gắn)
BACKFILL|cmu1exvg200sgf622wv84w0fb|2640000|3:KHONG_DOC_DUOC|||CUNG(cùng không gắn)
BACKFILL|cmu1exvgd00sof6223ouebq1a|1254000|3:KHONG_DOC_DUOC|||CUNG(cùng không gắn)
BACKFILL|cmu1exvg500sif622og3gavkf|4400000|3:KHONG_DOC_DUOC||cmu1exvg300shf622k3w5oqzg|KHAC(parser bỏ sót)
BACKFILL|cmu1exvg900slf622edmqlawo|2736000|3:KHONG_DOC_DUOC||cmu1exvg700skf622gr9st24i|KHAC(parser bỏ sót)
BACKFILL|cmu1exvgg00sqf6228buoebhc|4400000|3:KHONG_DOC_DUOC|||CUNG(cùng không gắn)
BACKFILL|cmu1exvgi00ssf622nmshf6q9|5600000|3:KHONG_DOC_DUOC|||CUNG(cùng không gắn)
BACKFILL|cmu1exvgl00suf622y43detll|4800000|3:KHONG_DOC_DUOC|||CUNG(cùng không gắn)
BACKFILL|cmu1exvgo00sxf6220brakphm|2600000|3:KHONG_DOC_DUOC|||CUNG(cùng không gắn)
SEPAY|uat-gdnh-27|2600000|3:KHONG_DOC_DUOC|||CUNG(cùng không gắn)
BACKFILL|cmu1exvgs00t1f62226dikrv9|4400000|3:KHONG_DOC_DUOC|||CUNG(cùng không gắn)
BACKFILL|cmu1exvgv00t4f622jj95p5h5|4800000|3:KHONG_DOC_DUOC||cmu1exvgt00t3f6221mxlchie|KHAC(parser bỏ sót)
BACKFILL|cmu1exvgz00t7f622trtig6wf|5200000|3:KHONG_DOC_DUOC||cmu1exvgx00t6f622w7uqyk7w|KHAC(parser bỏ sót)
BACKFILL|cmu1exvh500tbf622ufzlqogj|4800000|3:KHONG_DOC_DUOC||cmu1exvh300taf62278g6wmrd|KHAC(parser bỏ sót)
SEPAY|uat-gdnh-12|5200000|3:KHONG_DOC_DUOC|||CUNG(cùng không gắn)
BACKFILL|cmu1exvgq00szf622kdkpxqv4|5200000|3:KHONG_DOC_DUOC|||CUNG(cùng không gắn)
BACKFILL|cmu1exvha00tgf6221v1yorbz|5040000|3:KHONG_DOC_DUOC|||CUNG(cùng không gắn)
BACKFILL|cmu1exvhd00tif622jl7duta7|2200000|3:KHONG_DOC_DUOC|||CUNG(cùng không gắn)
SEPAY|uat-gdnh-51|4420000|3:KHONG_DOC_DUOC|||CUNG(cùng không gắn)
BACKFILL|cmu1exvhi00tnf622t8om5w92|4420000|3:KHONG_DOC_DUOC|||CUNG(cùng không gắn)
BACKFILL|cmu1exvhf00tkf622osdiifcd|5600000|3:KHONG_DOC_DUOC|||CUNG(cùng không gắn)
BACKFILL|cmu1exvho00trf622afdojbzf|5200000|3:KHONG_DOC_DUOC|||CUNG(cùng không gắn)
BACKFILL|cmu1exvhs00ttf622plxcka8h|5600000|3:KHONG_DOC_DUOC||cmu1exvhp00tsf6227clm50l4|KHAC(parser bỏ sót)
BACKFILL|cmu1exvhz00tyf622b9198jak|5600000|3:KHONG_DOC_DUOC||cmu1exvhx00txf622yubn9tm5|KHAC(parser bỏ sót)
BACKFILL|cmu1exvhw00twf622ozj83fcx|4400000|3:KHONG_DOC_DUOC|||CUNG(cùng không gắn)
BACKFILL|cmu1exvi500u1f622rq5xufkn|4400000|3:KHONG_DOC_DUOC|||CUNG(cùng không gắn)
BACKFILL|cmu1exvi900u3f622edjjfhfp|4400000|3:KHONG_DOC_DUOC|||CUNG(cùng không gắn)
BACKFILL|cmu1exvif00u6f622eb05rv4y|4800000|3:KHONG_DOC_DUOC||cmu1exvic00u5f622i73qon3x|KHAC(parser bỏ sót)
BACKFILL|cmu1exvil00uaf622xyezd9tc|4560000|3:KHONG_DOC_DUOC||cmu1exvij00u9f622boa5dfld|KHAC(parser bỏ sót)
BACKFILL|cmu1exvit00uef6224pd63gtz|4400000|3:KHONG_DOC_DUOC||cmu1exviq00udf622fgqrq0w0|KHAC(parser bỏ sót)
BACKFILL|cmu1exvix00uhf622jjg0j50i|5600000|3:KHONG_DOC_DUOC||cmu1exviv00ugf622mxdz8rwy|KHAC(parser bỏ sót)
BACKFILL|cmu1exvj300ulf622tb225wmx|5200000|3:KHONG_DOC_DUOC||cmu1exvj100ukf622sn3mjwjz|KHAC(parser bỏ sót)
SEPAY|uat-gdnh-28|5600000|3:KHONG_DOC_DUOC|||CUNG(cùng không gắn)
BACKFILL|cmu1exvj800uof622czpwmwgp|5600000|3:KHONG_DOC_DUOC||cmu1exvj600unf622d4ee7rr9|KHAC(parser bỏ sót)
BACKFILL|cmu1exvjg00usf6224oqf99xw|3600000|3:KHONG_DOC_DUOC||cmu1exvjd00urf622lgemy446|KHAC(parser bỏ sót)
BACKFILL|cmu1exvjn00uvf6229j5y7ivv|4800000|3:KHONG_DOC_DUOC||cmu1exvjj00uuf622ukdq89et|KHAC(parser bỏ sót)
BACKFILL|cmu1exvk700v4f622q6hevwxl|5040000|3:KHONG_DOC_DUOC||cmu1exvk400v3f6224qzwo0te|KHAC(parser bỏ sót)
BACKFILL|cmu1exvk100v1f6225cgpfg50|4400000|3:KHONG_DOC_DUOC||cmu1exvjy00v0f6228hzvaupd|KHAC(parser bỏ sót)
BACKFILL|cmu1exvjv00uyf622dtu4j5es|5600000|3:KHONG_DOC_DUOC||cmu1exvjq00uxf622xmfjck31|KHAC(parser bỏ sót)
BACKFILL|cmu1exvkc00v7f6228ywhmuhr|3060000|3:KHONG_DOC_DUOC||cmu1exvk900v6f622cjej89k8|KHAC(parser bỏ sót)
BACKFILL|cmu1exvki00vbf622ktwjcy5e|3600000|3:KHONG_DOC_DUOC|||CUNG(cùng không gắn)
BACKFILL|cmu1exvkn00vef622ohskpdar|5600000|3:KHONG_DOC_DUOC||cmu1exvkl00vdf622j1hr45m7|KHAC(parser bỏ sót)
BACKFILL|cmu1exvkt00vhf622oqu5cqva|4400000|3:KHONG_DOC_DUOC||cmu1exvkq00vgf622rdqc70tx|KHAC(parser bỏ sót)
BACKFILL|cmu1exvky00vkf622186j9z6m|3420000|3:KHONG_DOC_DUOC||cmu1exvkw00vjf622qol1ikpz|KHAC(parser bỏ sót)
BACKFILL|cmu1exvl500vof622ns6ny10o|4400000|3:KHONG_DOC_DUOC||cmu1exvl300vnf622e5ue217m|KHAC(parser bỏ sót)
SEPAY|uat-gdnh-30|4400000|3:KHONG_DOC_DUOC|||CUNG(cùng không gắn)
SEPAY|uat-gdnh-36|3600000|3:KHONG_DOC_DUOC|||CUNG(cùng không gắn)
BACKFILL|cmu1exvle00vrf622jjew8so5|5600000|3:KHONG_DOC_DUOC||cmu1exvlb00vqf622zx6g8ou1|KHAC(parser bỏ sót)
BACKFILL|cmu1exvll00vuf622hfejfzrk|3600000|3:KHONG_DOC_DUOC||cmu1exvlh00vtf6221326un95|KHAC(parser bỏ sót)
BACKFILL|cmu1exvlp00vxf6229fvw4696|4400000|3:KHONG_DOC_DUOC||cmu1exvln00vwf622klna9c5m|KHAC(parser bỏ sót)
BACKFILL|cmu1exvlu00w0f62242yx0dn3|1026000|3:KHONG_DOC_DUOC||cmu1exvls00vzf622gsskkprx|KHAC(parser bỏ sót)
BACKFILL|cmu1exvlz00w3f6224llvjsda|4760000|3:KHONG_DOC_DUOC||cmu1exvlx00w2f62242c140o1|KHAC(parser bỏ sót)
BACKFILL|cmu1exvm900w8f6228fb0bi7p|3420000|3:KHONG_DOC_DUOC||cmu1exvm500w7f622uneh8sro|KHAC(parser bỏ sót)
BACKFILL|cmu1exvm400w6f622ndlo8qsp|3960000|3:KHONG_DOC_DUOC|||CUNG(cùng không gắn)
BACKFILL|cmu1exvmj00wdf622w1n0w0sp|1000000|3:KHONG_DOC_DUOC||cmu16tbgw001agspawg9n821m|KHAC(parser bỏ sót)
BACKFILL|cmu1exvmf00wbf62210306som|4400000|3:KHONG_DOC_DUOC||cmu1exvmc00waf6225i6t4yz2|KHAC(parser bỏ sót)
SEPAY|cmu2q4jcw000b2mh3hkdz5re3|2617000|1|cmu2owoqk007lirgxydh20zcc|cmu2owoqk007lirgxydh20zcc|CUNG